step,loss,ce,avg_ponder,avg_forget_cost,t_total,data_wait,compute_time,ponder_lambda,forget_lambda,diversity_lambda,semantic_alpha,logits_mean,logits_std,logits_min,logits_max,prob_mean,prob_std,saturation,temporal_drift,forget_density,logit_spread,diversity_loss
100,13.88276481628418,11.982292175292969,7.259812831878662,0.8241513967514038,80.26451539993286,0.00032210350036621094,80.25817513465881,0.00020000000949949026,0.000800000037997961,4.0,0.17999997735023499,-3.0417544841766357,0.9751002192497253,-4.908783435821533,-1.4967182874679565,11.259812355041504,0.08693284541368484,0.9999305009841919,1.6481599807739258,0.8180160522460938,3.412064552307129,0.4745902717113495
200,14.581107139587402,11.965930938720703,8.453167915344238,0.8070091605186462,80.0896782875061,0.00030112266540527344,80.0835075378418,0.0004000000189989805,0.001600000075995922,5.5,0.25999999046325684,-3.7384886741638184,0.9443891644477844,-5.440183639526367,-2.146613836288452,12.453166961669922,0.06652136147022247,0.9999639987945557,1.6604900360107422,0.7926753163337708,3.293569803237915,0.4746370315551758
300,15.273258209228516,11.944581985473633,7.223121643066406,0.817777156829834,80.08733701705933,0.0003199577331542969,80.08129024505615,0.0006000000284984708,0.002400000113993883,7.0,0.3400000035762787,-2.933873176574707,0.9646003246307373,-4.840611457824707,-1.4029524326324463,11.223121643066406,0.0922757089138031,0.9999557733535767,1.6478323936462402,0.8107366561889648,3.43765926361084,0.47462570667266846
400,15.974422454833984,11.930850982666016,8.130130767822266,0.8403463363647461,80.15254163742065,0.0003063678741455078,80.14679074287415,0.000800000037997961,0.003200000151991844,8.5,0.42000001668930054,-3.4753382205963135,0.957512617111206,-5.3496904373168945,-1.8948776721954346,12.130130767822266,0.07003132998943329,0.9999607801437378,1.6485631465911865,0.8275249004364014,3.454813003540039,0.4746325612068176
500,16.71910858154297,11.961701393127441,7.92097806930542,0.829430103302002,79.94427299499512,0.0002956390380859375,79.93895769119263,0.0010000000474974513,0.004000000189989805,10.0,0.5,-3.3283534049987793,0.9604024887084961,-5.160710334777832,-1.7813295125961304,11.920978546142578,0.07529457658529282,0.9999495148658752,1.6653711795806885,0.8084694147109985,3.379380702972412,0.4746168255805969
