step,loss,ce,avg_ponder,avg_forget_cost,t_total,data_wait,compute_time,ponder_lambda,forget_lambda,diversity_lambda,semantic_alpha,logits_mean,logits_std,logits_min,logits_max,prob_mean,prob_std,saturation,temporal_drift,forget_density,logit_spread,diversity_loss
100,13.83218002319336,11.93222427368164,3.0741219520568848,0.8836841583251953,80.43706059455872,0.0007207393646240234,80.43086075782776,0.00020000000949949026,0.000800000037997961,4.0,0.17999997735023499,-0.7150595784187317,0.8803966045379639,-2.9236931800842285,0.40011104941368103,7.074121952056885,0.2067018747329712,0.9999793171882629,1.5259912014007568,0.8650630712509155,3.3238043785095215,0.4746584892272949
200,14.557842254638672,11.944633483886719,2.9493021965026855,0.8796008825302124,80.26474046707153,0.00029468536376953125,80.25902557373047,0.0004000000189989805,0.001600000075995922,5.5,0.25999999046325684,-0.6525771617889404,0.8684329986572266,-2.8185977935791016,0.4252959191799164,6.9493021965026855,0.2100306749343872,0.9999793171882629,1.5360944271087646,0.8605265617370605,3.243893623352051,0.4746585786342621
300,15.288084983825684,11.961535453796387,3.0283865928649902,0.8855299353599548,80.15483236312866,0.0007092952728271484,80.14871740341187,0.0006000000284984708,0.002400000113993883,7.0,0.3400000035762787,-0.650759756565094,0.8551046848297119,-2.783041477203369,0.4342386722564697,7.028386116027832,0.20862430334091187,0.9999791383743286,1.550562858581543,0.8673007488250732,3.217280387878418,0.4746582508087158
